Original_name,Name_no_punctuation,Name_with_date
Inception,inception,inception
Joker,joker,joker-2019
Fight Club,fight-club,fight-club
Spirited Away,spirited-away,spirited-away
Inglourious Basterds,inglourious-basterds,inglourious-basterds
The Silence of the Lambs,the-silence-of-the-lambs,the-silence-of-the-lambs
Baby Driver,baby-driver,baby-driver
1917,1917,1917
Django Unchained,django-unchained,django-unchained
Arrival,arrival,arrival-2016
Back to the Future,back-to-the-future,back-to-the-future
Avengers: Endgame,avengers-endgame,avengers-endgame
Shutter Island,shutter-island,shutter-island
Forrest Gump,forrest-gump,forrest-gump
The Empire Strikes Back,the-empire-strikes-back,the-empire-strikes-back
The Breakfast Club,the-breakfast-club,the-breakfast-club
The Dark Knight Rises,the-dark-knight-rises,the-dark-knight-rises
Howl's Moving Castle,howls-moving-castle,howls-moving-castle
Schindler's List,schindlers-list,schindlers-list
Harry Potter and the Prisoner of Azkaban,harry-potter-and-the-prisoner-of-azkaban,harry-potter-and-the-prisoner-of-azkaban
Titanic,titanic,titanic-1997
Batman Begins,batman-begins,batman-begins
The Perks of Being a Wallflower,the-perks-of-being-a-wallflower,the-perks-of-being-a-wallflower
Kill Bill: Vol. 1,kill-bill-vol-1,kill-bill-vol-1
Star Wars: The Last Jedi,star-wars-the-last-jedi,star-wars-the-last-jedi
Deadpool,deadpool,deadpool
Spider-Man: Homecoming,spider-man-homecoming,spider-man-homecoming
The Avengers,the-avengers,the-avengers-2012
Logan,logan,logan-2017
Star Wars: The Rise of Skywalker,star-wars-the-rise-of-skywalker,star-wars-the-rise-of-skywalker
Spider-Man: Far From Home,spider-man-far-from-home,spider-man-far-from-home
Alien,alien,alien
The Hateful Eight,the-hateful-eight,the-hateful-eight
Iron Man,iron-man,iron-man-2008
The Incredibles,the-incredibles,the-incredibles
Toy Story 4,toy-story-4,toy-story-4
Kingsman: The Secret Service,kingsman-the-secret-service,kingsman-the-secret-service
Pan's Labyrinth,pans-labyrinth,pans-labyrinth
Harry Potter and the Philosopher's Stone,harry-potter-and-the-philosophers-stone,harry-potter-and-the-philosophers-stone
Kill Bill: Vol. 2,kill-bill-vol-2,kill-bill-vol-2
Toy Story 3,toy-story-3,toy-story-3
Ready Player One,ready-player-one,ready-player-one
Raiders of the Lost Ark,raiders-of-the-lost-ark,raiders-of-the-lost-ark
Star Wars: Episode III – Revenge of the Sith,star-wars-episode-iii-revenge-of-the-sith,star-wars-episode-iii-revenge-of-the-sith
Star Wars: Episode I – The Phantom Menace,star-wars-episode-i-the-phantom-menace,star-wars-episode-i-the-phantom-menace
Ferris Bueller's Day Off,ferris-buellers-day-off,ferris-buellers-day-off
The Disaster Artist,the-disaster-artist,the-disaster-artist
Harry Potter and the Goblet of Fire,harry-potter-and-the-goblet-of-fire,harry-potter-and-the-goblet-of-fire
Hot Fuzz,hot-fuzz,hot-fuzz
Dead Poets Society,dead-poets-society,dead-poets-society
Die Hard,die-hard,die-hard
Harry Potter and the Deathly Hallows: Part 1,harry-potter-and-the-deathly-hallows-part-1,harry-potter-and-the-deathly-hallows-part-1
Skyfall,skyfall,skyfall
12 Angry Men,12-angry-men,12-angry-men
Mission: Impossible – Fallout,mission-impossible-fallout,mission-impossible-fallout
Full Metal Jacket,full-metal-jacket,full-metal-jacket
Okja,okja,okja
V for Vendetta,v-for-vendetta,v-for-vendetta
X-Men: Days of Future Past,x-men-days-of-future-past,x-men-days-of-future-past
Casablanca,casablanca,casablanca
Citizen Kane,citizen-kane,citizen-kane
Groundhog Day,groundhog-day,groundhog-day
The Ballad of Buster Scruggs,the-ballad-of-buster-scruggs,the-ballad-of-buster-scruggs
Back to the Future Part II,back-to-the-future-part-ii,back-to-the-future-part-ii
The Exorcist,the-exorcist,the-exorcist
The Hangover,the-hangover,the-hangover
Looper,looper,looper
Casino Royale,casino-royale,casino-royale-2006
Now You See Me,now-you-see-me,now-you-see-me
X-Men: Apocalypse,x-men-apocalypse,x-men-apocalypse
Men in Black,men-in-black,men-in-black
Fantastic Beasts: The Crimes of Grindelwald,fantastic-beasts-the-crimes-of-grindelwald,fantastic-beasts-the-crimes-of-grindelwald
Pirates of the Caribbean: Dead Man's Chest,pirates-of-the-caribbean-dead-mans-chest,pirates-of-the-caribbean-dead-mans-chest
I Am Legend,i-am-legend,i-am-legend
"O Brother, Where Art Thou?",o-brother-where-art-thou,o-brother-where-art-thou
X-Men,x-men,x-men
Back to the Future Part III,back-to-the-future-part-iii,back-to-the-future-part-iii
Pirates of the Caribbean: At World's End,pirates-of-the-caribbean-at-worlds-end,pirates-of-the-caribbean-at-worlds-end
Moulin Rouge!,moulin-rouge,moulin-rouge-2001
The Room,the-room,the-room
Life of Brian,life-of-brian,life-of-brian
"The Chronicles of Narnia: The Lion, the Witch and the Wardrobe",the-chronicles-of-narnia-the-lion-the-witch-and-the-wardrobe,the-chronicles-of-narnia-the-lion-the-witch-and-the-wardrobe
The Bourne Identity,the-bourne-identity,the-bourne-identity-2002
Top Gun,top-gun,top-gun
X-Men Origins: Wolverine,x-men-origins-wolverine,x-men-origins-wolverine
Pirates of the Caribbean: On Stranger Tides,pirates-of-the-caribbean-on-stranger-tides,pirates-of-the-caribbean-on-stranger-tides
To Kill a Mockingbird,to-kill-a-mockingbird,to-kill-a-mockingbird
The Adventures of Tintin,the-adventures-of-tintin,the-adventures-of-tintin
"Crouching Tiger, Hidden Dragon",crouching-tiger-hidden-dragon,crouching-tiger-hidden-dragon
Notting Hill,notting-hill,notting-hill
The Blues Brothers,the-blues-brothers,the-blues-brothers
Black Mirror: San Junipero,black-mirror-san-junipero,black-mirror-san-junipero
Hannibal,hannibal,hannibal
The Last Samurai,the-last-samurai,the-last-samurai
Spy Kids,spy-kids,spy-kids
A Few Good Men,a-few-good-men,a-few-good-men
The Last Airbender,the-last-airbender,the-last-airbender
The Great Escape,the-great-escape,the-great-escape
Das Boot,das-boot,das-boot
Red Dragon,red-dragon,red-dragon
The Chronicles of Narnia: Prince Caspian,the-chronicles-of-narnia-prince-caspian,the-chronicles-of-narnia-prince-caspian
Mortal Engines,mortal-engines,mortal-engines
Star Wars: The Force Awakens,star-wars-the-force-awakens,star-wars-the-force-awakens
Léon: The Professional,leon-the-professional,leon-the-professional
The Great Gatsby,the-great-gatsby,the-great-gatsby-2013
The Hobbit: An Unexpected Journey,the-hobbit-an-unexpected-journey,the-hobbit-an-unexpected-journey
The Green Mile,the-green-mile,the-green-mile
Les Misérables,les-miserables,les-miserables-2012
Big Fish,big-fish,big-fish
It's a Wonderful Life,its-a-wonderful-life,its-a-wonderful-life
127 Hours,127-hours,127-hours
Rain Man,rain-man,rain-man
Pirates of the Caribbean: Dead Men Tell No Tales,pirates-of-the-caribbean-dead-men-tell-no-tales,pirates-of-the-caribbean-dead-men-tell-no-tales
The Mummy,the-mummy,the-mummy-1999
Sherlock Holmes: A Game of Shadows,sherlock-holmes-a-game-of-shadows,sherlock-holmes-a-game-of-shadows
Now You See Me 2,now-you-see-me-2,now-you-see-me-2
Point Break,point-break,point-break
Sing,sing,sing-2016
Ender's Game,enders-game,enders-game
Grave of the Fireflies,grave-of-the-fireflies,grave-of-the-fireflies
Princess Mononoke,princess-mononoke,princess-mononoke
Kill Bill: The Whole Bloody Affair,kill-bill-the-whole-bloody-affair,kill-bill-the-whole-bloody-affair
Les Misérables: The Staged Concert,les-miserables-the-staged-concert,les-miserables-the-staged-concert
Twisted: The Untold Story of a Royal Vizier,twisted-the-untold-story-of-a-royal-vizier,twisted-the-untold-story-of-a-royal-vizier
Sherlock: A Study in Pink,sherlock-a-study-in-pink,sherlock-a-study-in-pink
Bo Burnham: What.,bo-burnham-what,bo-burnham-what
Sherlock: A Scandal in Belgravia,sherlock-a-scandal-in-belgravia,sherlock-a-scandal-in-belgravia
Sherlock: The Great Game,sherlock-the-great-game,sherlock-the-great-game-2010
Amélie,amelie,amelie
Au Revoir les Enfants,au-revoir-les-enfants,au-revoir-les-enfants
Ex Machina,ex-machina,ex-machina-2015
La La Land,la-la-land,la-la-land
Gladiator,gladiator,gladiator-2000
Watchmen: Motion Comic,watchmen-motion-comic,watchmen-motion-comic
Rebooted,rebooted,rebooted
Doctor Who: The Night of the Doctor,doctor-who-the-night-of-the-doctor,doctor-who-the-night-of-the-doctor
Black Mirror: Shut Up and Dance,black-mirror-shut-up-and-dance,black-mirror-shut-up-and-dance
The Departed,the-departed,the-departed
North by Northwest,north-by-northwest,north-by-northwest
The Godfather Part II,the-godfather-part-ii,the-godfather-part-ii
Who Framed Roger Rabbit,who-framed-roger-rabbit,who-framed-roger-rabbit
The Usual Suspects,the-usual-suspects,the-usual-suspects
Happy Gilmore,happy-gilmore,happy-gilmore
Ocean's Eleven,oceans-eleven,oceans-eleven-2001
Robin Hood: Men in Tights,robin-hood-men-in-tights,robin-hood-men-in-tights
Wonder Woman,wonder-woman,wonder-woman-2017
War of the Worlds,war-of-the-worlds,war-of-the-worlds
National Treasure,national-treasure,national-treasure
Men in Black II,men-in-black-ii,men-in-black-ii
This Is Spinal Tap,this-is-spinal-tap,this-is-spinal-tap
Amadeus,amadeus,amadeus
The Dark Knight,the-dark-knight,the-dark-knight
Lady Bird,lady-bird,lady-bird
WALL·E,walle,walle
Lawrence of Arabia,lawrence-of-arabia,lawrence-of-arabia
Memento,memento,memento
Bāhubali: The Beginning,bahubali-the-beginning,bahubali-the-beginning
Bāhubali 2: The Conclusion,bahubali-2-the-conclusion,bahubali-2-the-conclusion
Breakfast at Tiffany's,breakfast-at-tiffanys,breakfast-at-tiffanys
The Shining,the-shining,the-shining
The Shape of Water,the-shape-of-water,the-shape-of-water
We're the Millers,were-the-millers,were-the-millers
Enola Holmes,enola-holmes,enola-holmes
"Three Billboards Outside Ebbing, Missouri",three-billboards-outside-ebbing-missouri,three-billboards-outside-ebbing-missouri
Good Omens,good-omens,good-omens
Doctor Who: The Waters of Mars,doctor-who-the-waters-of-mars,doctor-who-the-waters-of-mars
Doctor Who: A Christmas Carol,doctor-who-a-christmas-carol,doctor-who-a-christmas-carol
The Greatest Showman,the-greatest-showman,the-greatest-showman
Hush,hush,hush-2016
Coraline,coraline,coraline
The World's End,the-worlds-end,the-worlds-end
X-Men: The Last Stand,x-men-the-last-stand,x-men-the-last-stand
Hamilton,hamilton,hamilton-2020
Love Actually,love-actually,love-actually
Nativity!,nativity,nativity
Pirates of the Caribbean: The Curse of the Black Pearl,pirates-of-the-caribbean-the-curse-of-the-black-pearl,pirates-of-the-caribbean-the-curse-of-the-black-pearl
Stardust,stardust,stardust-2007
X-Men: First Class,x-men-first-class,x-men-first-class
The New Mutants,the-new-mutants,the-new-mutants
The Simpsons Movie,the-simpsons-movie,the-simpsons-movie
WandaVision,wandavision,wandavision
Enter the Dragon,enter-the-dragon,enter-the-dragon
American Psycho,american-psycho,american-psycho
Murder on the Orient Express,murder-on-the-orient-express,murder-on-the-orient-express-2017
Zodiac,zodiac,zodiac
The Social Network,the-social-network,the-social-network
Little Miss Sunshine,little-miss-sunshine,little-miss-sunshine
"Good Morning, Vietnam",good-morning-vietnam,good-morning-vietnam
Bo Burnham: Make Happy,bo-burnham-make-happy,bo-burnham-make-happy
Parasite,parasite,parasite-2019
Coco,coco,coco-2017
Palm Springs,palm-springs,palm-springs-2020
Get Out,get-out,get-out-2017
Harry Potter and the Chamber of Secrets,harry-potter-and-the-chamber-of-secrets,harry-potter-and-the-chamber-of-secrets
The Truman Show,the-truman-show,the-truman-show
Avengers: Infinity War,avengers-infinity-war,avengers-infinity-war
Peter Pan Goes Wrong,peter-pan-goes-wrong,peter-pan-goes-wrong
Tag,tag,tag-2018
Knives Out,knives-out,knives-out-2019
A Quiet Place Part II,a-quiet-place-part-ii,a-quiet-place-part-ii
A Quiet Place,a-quiet-place,a-quiet-place-2018
Airplane!,airplane,airplane
Bo Burnham: Inside,bo-burnham-inside,bo-burnham-inside
The Other Woman,the-other-woman,the-other-woman-2014
The Princess Bride,the-princess-bride,the-princess-bride
Matilda,matilda,matilda
Spy,spy,spy
2001: A Space Odyssey,2001-a-space-odyssey,2001-a-space-odyssey
Interstellar,interstellar,interstellar
The Godfather,the-godfather,the-godfather
The Falcon and the Winter Soldier,the-falcon-and-the-winter-soldier,the-falcon-and-the-winter-soldier
Jojo Rabbit,jojo-rabbit,jojo-rabbit
Chernobyl,chernobyl,chernobyl
Captain America: The First Avenger,captain-america-the-first-avenger,captain-america-the-first-avenger
Iron Man 2,iron-man-2,iron-man-2
Thor: The Dark World,thor-the-dark-world,thor-the-dark-world
The Chronicles of Narnia: The Voyage of the Dawn Treader,the-chronicles-of-narnia-the-voyage-of-the-dawn-treader,the-chronicles-of-narnia-the-voyage-of-the-dawn-treader
In the Heights,in-the-heights,in-the-heights
Midsommar,midsommar,midsommar
Incredibles 2,incredibles-2,incredibles-2
Raya and the Last Dragon,raya-and-the-last-dragon,raya-and-the-last-dragon
Alien³,alien-3,alien-3
Alien Resurrection,alien-resurrection,alien-resurrection
Die Hard With a Vengeance,die-hard-with-a-vengeance,die-hard-with-a-vengeance
The Hunger Games: Catching Fire,the-hunger-games-catching-fire,the-hunger-games-catching-fire
The Hunger Games: Mockingjay – Part 2,the-hunger-games-mockingjay-part-2,the-hunger-games-mockingjay-part-2
The Hunger Games: Mockingjay – Part 1,the-hunger-games-mockingjay-part-1,the-hunger-games-mockingjay-part-1
Maze Runner: The Scorch Trials,maze-runner-the-scorch-trials,maze-runner-the-scorch-trials
The Maze Runner,the-maze-runner,the-maze-runner
Maze Runner: The Death Cure,maze-runner-the-death-cure,maze-runner-the-death-cure
The Naked Gun: From the Files of Police Squad!,the-naked-gun-from-the-files-of-police-squad,the-naked-gun-from-the-files-of-police-squad
The Terminator,the-terminator,the-terminator
Terminator 2: Judgment Day,terminator-2-judgment-day,terminator-2-judgment-day
Terminator 3: Rise of the Machines,terminator-3-rise-of-the-machines,terminator-3-rise-of-the-machines
Terminator Genisys,terminator-genisys,terminator-genisys
Terminator Salvation,terminator-salvation,terminator-salvation
Toy Story,toy-story,toy-story
Toy Story 2,toy-story-2,toy-story-2
3 Idiots,3-idiots,3-idiots
Promising Young Woman,promising-young-woman,promising-young-woman
Ghostbusters,ghostbusters,ghostbusters
Clue,clue,clue
Us,us,us-2019
Shaun of the Dead,shaun-of-the-dead,shaun-of-the-dead
Black Widow,black-widow,black-widow-2021
Fantastic Mr. Fox,fantastic-mr-fox,fantastic-mr-fox
Office Space,office-space,office-space
Captain Marvel,captain-marvel,captain-marvel
Cool Hand Luke,cool-hand-luke,cool-hand-luke
The Boat That Rocked,the-boat-that-rocked,the-boat-that-rocked
How to Train Your Dragon,how-to-train-your-dragon,how-to-train-your-dragon
Safety Last!,safety-last,safety-last
What We Do in the Shadows,what-we-do-in-the-shadows,what-we-do-in-the-shadows
Watchmen,watchmen,watchmen-2019
Pulp Fiction,pulp-fiction,pulp-fiction
Sunshine on Leith,sunshine-on-leith,sunshine-on-leith
Ip Man,ip-man,ip-man
The Voyeurs,the-voyeurs,the-voyeurs-2021
Gifted,gifted,gifted-2017
Monty Python's The Meaning of Life,monty-pythons-the-meaning-of-life,monty-pythons-the-meaning-of-life
Ip Man 2,ip-man-2,ip-man-2
Jaws,jaws,jaws
Ip Man 3,ip-man-3,ip-man-3
The Notebook,the-notebook,the-notebook
The Hobbit: The Battle of the Five Armies,the-hobbit-the-battle-of-the-five-armies,the-hobbit-the-battle-of-the-five-armies
The Hobbit: The Desolation of Smaug,the-hobbit-the-desolation-of-smaug,the-hobbit-the-desolation-of-smaug
The Invention of Lying,the-invention-of-lying,the-invention-of-lying
The Queen's Gambit,the-queens-gambit,the-queens-gambit
No Country for Old Men,no-country-for-old-men,no-country-for-old-men
Ip Man 4: The Finale,ip-man-4-the-finale,ip-man-4-the-finale
Good Will Hunting,good-will-hunting,good-will-hunting
Highlander,highlander,highlander
The Lord of the Rings: The Return of the King,the-lord-of-the-rings-the-return-of-the-king,the-lord-of-the-rings-the-return-of-the-king
Mars Attacks!,mars-attacks,mars-attacks
The Sixth Sense,the-sixth-sense,the-sixth-sense
Hero,hero,hero-2002
The Lord of the Rings: The Fellowship of the Ring,the-lord-of-the-rings-the-fellowship-of-the-ring,the-lord-of-the-rings-the-fellowship-of-the-ring
Scott Pilgrim vs. the World,scott-pilgrim-vs-the-world,scott-pilgrim-vs-the-world
The Lord of the Rings: The Two Towers,the-lord-of-the-rings-the-two-towers,the-lord-of-the-rings-the-two-towers
Clash of the Titans,clash-of-the-titans,clash-of-the-titans-2010
The Mitchells vs. The Machines,the-mitchells-vs-the-machines,the-mitchells-vs-the-machines
Harry Potter and the Deathly Hallows: Part 2,harry-potter-and-the-deathly-hallows-part-2,harry-potter-and-the-deathly-hallows-part-2
Harry Potter and the Half-Blood Prince,harry-potter-and-the-half-blood-prince,harry-potter-and-the-half-blood-prince
Watchmen,watchmen,watchmen
Shazam!,shazam,shazam
Rise of the Guardians,rise-of-the-guardians,rise-of-the-guardians
Spider-Man: No Way Home,spider-man-no-way-home,spider-man-no-way-home
Hawkeye,hawkeye,hawkeye-2021
The Imitation Game,the-imitation-game,the-imitation-game
Hot Shots!,hot-shots,hot-shots
The Matrix,the-matrix,the-matrix
The Matrix Resurrections,the-matrix-resurrections,the-matrix-resurrections
The Matrix Reloaded,the-matrix-reloaded,the-matrix-reloaded
The Matrix Revolutions,the-matrix-revolutions,the-matrix-revolutions
Tenet,tenet,tenet
Lemony Snicket's A Series of Unfortunate Events,lemony-snickets-a-series-of-unfortunate-events,lemony-snickets-a-series-of-unfortunate-events
Megamind,megamind,megamind
Dirty Dancing,dirty-dancing,dirty-dancing
Aliens,aliens,aliens
Bohemian Rhapsody,bohemian-rhapsody,bohemian-rhapsody
Dracula,dracula,dracula-2020
Little Women,little-women,little-women-2019
Doctor Who: The Day of the Doctor,doctor-who-the-day-of-the-doctor,doctor-who-the-day-of-the-doctor
Free Guy,free-guy,free-guy
Ghostbusters: Afterlife,ghostbusters-afterlife,ghostbusters-afterlife
The Last Duel,the-last-duel,the-last-duel-2021
No Time to Die,no-time-to-die,no-time-to-die-2021
Encanto,encanto,encanto
The King's Man,the-kings-man,the-kings-man
Star Wars: Episode II – Attack of the Clones,star-wars-episode-ii-attack-of-the-clones,star-wars-episode-ii-attack-of-the-clones
The Gentlemen,the-gentlemen,the-gentlemen
The Suicide Squad,the-suicide-squad,the-suicide-squad
The Batman,the-batman,the-batman
King Arthur: Legend of the Sword,king-arthur-legend-of-the-sword,king-arthur-legend-of-the-sword
Neighbors,neighbors,neighbors-2014
Collateral Beauty,collateral-beauty,collateral-beauty
10 Things I Hate About You,10-things-i-hate-about-you,10-things-i-hate-about-you
The Intouchables,the-intouchables,the-intouchables
"tick, tick... BOOM!",tick-tick-boom,tick-tick-boom-2021
Interview with the Vampire,interview-with-the-vampire,interview-with-the-vampire
Snatch,snatch,snatch
Zack Snyder's Justice League,zack-snyders-justice-league,zack-snyders-justice-league
Dr. Strangelove or: How I Learned to Stop Worrying and Love the Bomb,dr-strangelove-or-how-i-learned-to-stop-worrying-and-love-the-bomb,dr-strangelove-or-how-i-learned-to-stop-worrying-and-love-the-bomb
Oldboy,oldboy,oldboy
Reservoir Dogs,reservoir-dogs,reservoir-dogs
Mary and Max,mary-and-max,mary-and-max
Ghostbusters II,ghostbusters-ii,ghostbusters-ii
Lilo & Stitch,lilo-stitch,lilo-stitch
Everything Everywhere All at Once,everything-everywhere-all-at-once,everything-everywhere-all-at-once
Top Gun: Maverick,top-gun-maverick,top-gun-maverick
The Road to El Dorado,the-road-to-el-dorado,the-road-to-el-dorado
(500) Days of Summer,500-days-of-summer,500-days-of-summer
Avengers: Age of Ultron,avengers-age-of-ultron,avengers-age-of-ultron
Ant-Man,ant-man,ant-man
Iron Man 3,iron-man-3,iron-man-3
The Hunger Games,the-hunger-games,the-hunger-games
Misery,misery,misery
The Last of the Mohicans,the-last-of-the-mohicans,the-last-of-the-mohicans-1992
The Wolverine,the-wolverine,the-wolverine
Percy Jackson & the Olympians: The Lightning Thief,percy-jackson-the-olympians-the-lightning-thief,percy-jackson-the-olympians-the-lightning-thief
Thor,thor,thor
Ms. Marvel,ms-marvel,ms-marvel
Return of the Jedi,return-of-the-jedi,return-of-the-jedi
The Cabin in the Woods,the-cabin-in-the-woods,the-cabin-in-the-woods
RRR,rrr,rrr
The Evil Dead,the-evil-dead,the-evil-dead
In Bruges,in-bruges,in-bruges
The Shawshank Redemption,the-shawshank-redemption,the-shawshank-redemption
Up,up,up
Blade Runner,blade-runner,blade-runner
Rush Hour,rush-hour,rush-hour
A Knight's Tale,a-knights-tale,a-knights-tale
The Incredible Hulk,the-incredible-hulk,the-incredible-hulk
Thor: Ragnarok,thor-ragnarok,thor-ragnarok
Doctor Strange in the Multiverse of Madness,doctor-strange-in-the-multiverse-of-madness,doctor-strange-in-the-multiverse-of-madness
Captain America: Civil War,captain-america-civil-war,captain-america-civil-war
Thor: Love and Thunder,thor-love-and-thunder,thor-love-and-thunder
Shang-Chi and the Legend of the Ten Rings,shang-chi-and-the-legend-of-the-ten-rings,shang-chi-and-the-legend-of-the-ten-rings
Tolkien,tolkien,tolkien-2019
A Beautiful Mind,a-beautiful-mind,a-beautiful-mind
The Sea Beast,the-sea-beast,the-sea-beast-2022
Monty Python and the Holy Grail,monty-python-and-the-holy-grail,monty-python-and-the-holy-grail
Jackie Brown,jackie-brown,jackie-brown
Hot Rod,hot-rod,hot-rod
Sunshine,sunshine,sunshine-2007
Nope,nope,nope
Deadpool 2,deadpool-2,deadpool-2
Captain America: The Winter Soldier,captain-america-the-winter-soldier,captain-america-the-winter-soldier
X2,x2,x2
She-Hulk: Attorney at Law,she-hulk-attorney-at-law,she-hulk-attorney-at-law
Werewolf by Night,werewolf-by-night,werewolf-by-night
The Lord of the Rings: The Rings of Power Global Fan Screening,the-lord-of-the-rings-the-rings-of-power-global-fan-screening,the-lord-of-the-rings-the-rings-of-power-global-fan-screening
Loki,loki,loki-2021
The Addams Family,the-addams-family,the-addams-family-2019
See How They Run,see-how-they-run,see-how-they-run-2022
Enola Holmes 2,enola-holmes-2,enola-holmes-2
Do Revenge,do-revenge,do-revenge
A Castle for Christmas,a-castle-for-christmas,a-castle-for-christmas
The Guardians of the Galaxy Holiday Special,the-guardians-of-the-galaxy-holiday-special,the-guardians-of-the-galaxy-holiday-special
Treasure Planet,treasure-planet,treasure-planet
The Banshees of Inisherin,the-banshees-of-inisherin,the-banshees-of-inisherin
Avatar,avatar,avatar
"The Boy, the Mole, the Fox and the Horse",the-boy-the-mole-the-fox-and-the-horse,the-boy-the-mole-the-fox-and-the-horse
Another Round,another-round,another-round
Glass Onion,glass-onion,glass-onion
Eternal Sunshine of the Spotless Mind,eternal-sunshine-of-the-spotless-mind,eternal-sunshine-of-the-spotless-mind
Violent Night,violent-night,violent-night
Balto,balto,balto
Puss in Boots: The Last Wish,puss-in-boots-the-last-wish,puss-in-boots-the-last-wish
Kiki's Delivery Service,kikis-delivery-service,kikis-delivery-service
Boyz n the Hood,boyz-n-the-hood,boyz-n-the-hood
Halloween,halloween,halloween-1978
Catch Me If You Can,catch-me-if-you-can,catch-me-if-you-can-2002
The Whale,the-whale,the-whale-2022
Marcel the Shell with Shoes On,marcel-the-shell-with-shoes-on,marcel-the-shell-with-shoes-on-2021
The Unbearable Weight of Massive Talent,the-unbearable-weight-of-massive-talent,the-unbearable-weight-of-massive-talent
The Lord of the Rings,the-lord-of-the-rings,the-lord-of-the-rings-2003
Paddington 2,paddington-2,paddington-2
Triangle of Sadness,triangle-of-sadness,triangle-of-sadness
Indiana Jones and the Temple of Doom,indiana-jones-and-the-temple-of-doom,indiana-jones-and-the-temple-of-doom
Indiana Jones and the Last Crusade,indiana-jones-and-the-last-crusade,indiana-jones-and-the-last-crusade
Indiana Jones and the Kingdom of the Crystal Skull,indiana-jones-and-the-kingdom-of-the-crystal-skull,indiana-jones-and-the-kingdom-of-the-crystal-skull
Dungeons & Dragons: Honor Among Thieves,dungeons-dragons-honor-among-thieves,dungeons-dragons-honor-among-thieves
Whiplash,whiplash,whiplash-2014
Black Panther: Wakanda Forever,black-panther-wakanda-forever,black-panther-wakanda-forever
Guardians of the Galaxy,guardians-of-the-galaxy,guardians-of-the-galaxy
Black Panther,black-panther,black-panther-2018
Eternals,eternals,eternals
Ant-Man and the Wasp: Quantumania,ant-man-and-the-wasp-quantumania,ant-man-and-the-wasp-quantumania
Ant-Man and the Wasp,ant-man-and-the-wasp,ant-man-and-the-wasp
Guardians of the Galaxy Vol. 2,guardians-of-the-galaxy-vol-2,guardians-of-the-galaxy-vol-2
Doctor Strange,doctor-strange,doctor-strange-2016
Guardians of the Galaxy Vol. 3,guardians-of-the-galaxy-vol-3,guardians-of-the-galaxy-vol-3
Blood Diamond,blood-diamond,blood-diamond
Soul,soul,soul-2020
My Neighbor Totoro,my-neighbor-totoro,my-neighbor-totoro
Spider-Man: Across the Spider-Verse,spider-man-across-the-spider-verse,spider-man-across-the-spider-verse
The Witch,the-witch,the-witch-2015
Psycho,psycho,psycho
The Great Dictator,the-great-dictator,the-great-dictator
Harry Potter and the Order of the Phoenix,harry-potter-and-the-order-of-the-phoenix,harry-potter-and-the-order-of-the-phoenix
Lagaan: Once Upon a Time in India,lagaan-once-upon-a-time-in-india,lagaan-once-upon-a-time-in-india
Stand by Me,stand-by-me,stand-by-me
E.T. the Extra-Terrestrial,et-the-extra-terrestrial,et-the-extra-terrestrial
Jurassic Park,jurassic-park,jurassic-park
"The Good, the Bad and the Ugly",the-good-the-bad-and-the-ugly,the-good-the-bad-and-the-ugly
Four Weddings and a Funeral,four-weddings-and-a-funeral,four-weddings-and-a-funeral
Trainspotting,trainspotting,trainspotting
The Wizard of Oz,the-wizard-of-oz,the-wizard-of-oz-1939
Seven Samurai,seven-samurai,seven-samurai
Se7en,se7en,se7en
The Goonies,the-goonies,the-goonies
Rocky,rocky,rocky
Mean Girls,mean-girls,mean-girls
Asterix & Obelix: Mission Cleopatra,asterix-obelix-mission-cleopatra,asterix-obelix-mission-cleopatra
The Nice Guys,the-nice-guys,the-nice-guys
Scarface,scarface,scarface-1983
Living,living,living-2022
Apocalypse Now,apocalypse-now,apocalypse-now
Saving Private Ryan,saving-private-ryan,saving-private-ryan
Mission: Impossible – Dead Reckoning Part One,mission-impossible-dead-reckoning-part-one,mission-impossible-dead-reckoning-part-one
Oppenheimer,oppenheimer,oppenheimer-2023
Barbie,barbie,barbie
Black Mirror: Loch Henry,black-mirror-loch-henry,black-mirror-loch-henry
Black Mirror: Beyond the Sea,black-mirror-beyond-the-sea,black-mirror-beyond-the-sea
Moon Knight,moon-knight,moon-knight-2022
The Grand Budapest Hotel,the-grand-budapest-hotel,the-grand-budapest-hotel
City of God,city-of-god,city-of-god
The Amazing Spider-Man,the-amazing-spider-man,the-amazing-spider-man
A Clockwork Orange,a-clockwork-orange,a-clockwork-orange
Kingsman: The Golden Circle,kingsman-the-golden-circle,kingsman-the-golden-circle
Seven Pounds,seven-pounds,seven-pounds
Moonlight,moonlight,moonlight-2016
Brokeback Mountain,brokeback-mountain,brokeback-mountain
American History X,american-history-x,american-history-x
The Pianist,the-pianist,the-pianist
The Wrong Trousers,the-wrong-trousers,the-wrong-trousers
A Grand Day Out,a-grand-day-out,a-grand-day-out
A Close Shave,a-close-shave,a-close-shave-1995
A Matter of Loaf and Death,a-matter-of-loaf-and-death,a-matter-of-loaf-and-death
Wallace & Gromit: The Curse of the Were-Rabbit,wallace-gromit-the-curse-of-the-were-rabbit,wallace-gromit-the-curse-of-the-were-rabbit
Rosemary's Baby,rosemarys-baby,rosemarys-baby
Weird: The Al Yankovic Story,weird-the-al-yankovic-story,weird-the-al-yankovic-story-2022
Flash Gordon,flash-gordon,flash-gordon-1980
Uncut Gems,uncut-gems,uncut-gems
Daredevil,daredevil,daredevil
A Haunting in Venice,a-haunting-in-venice,a-haunting-in-venice
Her,her,her
The Prestige,the-prestige,the-prestige
The Lion King,the-lion-king,the-lion-king
The Big Lebowski,the-big-lebowski,the-big-lebowski
The Rocky Horror Picture Show,the-rocky-horror-picture-show,the-rocky-horror-picture-show
The Deer Hunter,the-deer-hunter,the-deer-hunter
Drive,drive,drive-2011
Vertigo,vertigo,vertigo
Five Nights at Freddy's,five-nights-at-freddys,five-nights-at-freddys
Evil Dead II,evil-dead-ii,evil-dead-ii
The Fifth Element,the-fifth-element,the-fifth-element
The Amazing Spider-Man 2,the-amazing-spider-man-2,the-amazing-spider-man-2
Scott Pilgrim Takes Off,scott-pilgrim-takes-off,scott-pilgrim-takes-off-2023
The Marvels,the-marvels,the-marvels
A California Christmas,a-california-christmas,a-california-christmas
The Holiday,the-holiday,the-holiday
The Muppet Christmas Carol,the-muppet-christmas-carol,the-muppet-christmas-carol
Hogfather,hogfather,hogfather
Get Shorty,get-shorty,get-shorty
Fantastic Beasts and Where to Find Them,fantastic-beasts-and-where-to-find-them,fantastic-beasts-and-where-to-find-them
David Holmes: The Boy Who Lived,david-holmes-the-boy-who-lived,david-holmes-the-boy-who-lived
The Magnificent Seven,the-magnificent-seven,the-magnificent-seven
Avatar: The Way of Water,avatar-the-way-of-water,avatar-the-way-of-water
Marvel's The Defenders,marvels-the-defenders,marvels-the-defenders
Secret Invasion,secret-invasion,secret-invasion
Wonka,wonka,wonka
Echo,echo,echo-2024
Elvis,elvis,elvis-2022
Gangs of New York,gangs-of-new-york,gangs-of-new-york-2002
Meet Joe Black,meet-joe-black,meet-joe-black
The Mask of Zorro,the-mask-of-zorro,the-mask-of-zorro
Next Goal Wins,next-goal-wins,next-goal-wins-2023
BLUE EYE SAMURAI,blue-eye-samurai,blue-eye-samurai
Last Night in Soho,last-night-in-soho,last-night-in-soho
Galaxy Quest,galaxy-quest,galaxy-quest
Star Wars,star-wars,star-wars
Once Upon a Time in Mexico,once-upon-a-time-in-mexico,once-upon-a-time-in-mexico
Nimona,nimona,nimona-2023
Spider-Man: Into the Spider-Verse,spider-man-into-the-spider-verse,spider-man-into-the-spider-verse
Dune,dune,dune-2021
Dune: Part Two,dune-part-two,dune-part-two
The Holdovers,the-holdovers,the-holdovers
"Lock, Stock and Two Smoking Barrels",lock-stock-and-two-smoking-barrels,lock-stock-and-two-smoking-barrels
Mr. & Mrs. Smith,mr-mrs-smith,mr-mrs-smith-2005
Ponyo,ponyo,ponyo
Hoodwinked!,hoodwinked,hoodwinked
Mission: Impossible,mission-impossible,mission-impossible
Mission: Impossible II,mission-impossible-ii,mission-impossible-ii
Mission: Impossible III,mission-impossible-iii,mission-impossible-iii
Mission: Impossible – Ghost Protocol,mission-impossible-ghost-protocol,mission-impossible-ghost-protocol
Mission: Impossible – Rogue Nation,mission-impossible-rogue-nation,mission-impossible-rogue-nation
Love Me If You Dare,love-me-if-you-dare,love-me-if-you-dare
Sin City,sin-city,sin-city
The Hunt for Gollum,the-hunt-for-gollum,the-hunt-for-gollum
Army of Darkness,army-of-darkness,army-of-darkness
Furiosa: A Mad Max Saga,furiosa-a-mad-max-saga,furiosa-a-mad-max-saga
Top Secret!,top-secret,top-secret
Godzilla Minus One,godzilla-minus-one,godzilla-minus-one
John Wick,john-wick,john-wick
Hot Shots! Part Deux,hot-shots-part-deux,hot-shots-part-deux
Young Frankenstein,young-frankenstein,young-frankenstein
Rebel Moon – Part Two: The Scargiver,rebel-moon-part-two-the-scargiver,rebel-moon-part-two-the-scargiver
Rebel Moon – Part One: A Child of Fire,rebel-moon-part-one-a-child-of-fire,rebel-moon-part-one-a-child-of-fire
Hopscotch,hopscotch,hopscotch
Mad Max: Fury Road,mad-max-fury-road,mad-max-fury-road
The Ministry of Ungentlemanly Warfare,the-ministry-of-ungentlemanly-warfare,the-ministry-of-ungentlemanly-warfare
Hundreds of Beavers,hundreds-of-beavers,hundreds-of-beavers
Kung Fu Hustle,kung-fu-hustle,kung-fu-hustle
Pink Floyd: The Wall,pink-floyd-the-wall,pink-floyd-the-wall
Finding Nemo,finding-nemo,finding-nemo
Sherlock Holmes,sherlock-holmes,sherlock-holmes-2009
A Bug's Life,a-bugs-life,a-bugs-life
Kick-Ass,kick-ass,kick-ass
Fantastic Four,fantastic-four,fantastic-four-2005
The Lego Movie,the-lego-movie,the-lego-movie
Aquaman,aquaman,aquaman-2018
Hancock,hancock,hancock
Solo: A Star Wars Story,solo-a-star-wars-story,solo-a-star-wars-story
Hercules,hercules,hercules-1997
"Monsters, Inc.",monsters-inc,monsters-inc
Edge of Tomorrow,edge-of-tomorrow,edge-of-tomorrow
Cars,cars,cars
Jurassic World,jurassic-world,jurassic-world
Ratatouille,ratatouille,ratatouille
Gravity,gravity,gravity-2013
Beauty and the Beast,beauty-and-the-beast,beauty-and-the-beast-1991
Brave,brave,brave-2012
Shrek,shrek,shrek
Aladdin,aladdin,aladdin
The Martian,the-martian,the-martian
Spider-Man,spider-man,spider-man
Mulan,mulan,mulan
The Nightmare Before Christmas,the-nightmare-before-christmas,the-nightmare-before-christmas
Moana,moana,moana-2016
Tropic Thunder,tropic-thunder,tropic-thunder
School of Rock,school-of-rock,school-of-rock
Despicable Me,despicable-me,despicable-me
Finding Dory,finding-dory,finding-dory
Taken,taken,taken
Men in Black 3,men-in-black-3,men-in-black-3
Kung Fu Panda,kung-fu-panda,kung-fu-panda
Frozen,frozen,frozen-2013
Ice Age,ice-age,ice-age
Rogue One: A Star Wars Story,rogue-one-a-star-wars-story,rogue-one-a-star-wars-story
Blazing Saddles,blazing-saddles,blazing-saddles
Jumper,jumper,jumper
7 Days in Hell,7-days-in-hell,7-days-in-hell
Deadpool & Wolverine,deadpool-wolverine,deadpool-wolverine
Burnt,burnt,burnt
Starter for 10,starter-for-10,starter-for-10
Jumanji: Welcome to the Jungle,jumanji-welcome-to-the-jungle,jumanji-welcome-to-the-jungle
Jumanji: The Next Level,jumanji-the-next-level,jumanji-the-next-level
The Karate Kid,the-karate-kid,the-karate-kid
Bruce Almighty,bruce-almighty,bruce-almighty
How to Train Your Dragon 2,how-to-train-your-dragon-2,how-to-train-your-dragon-2
National Treasure: Book of Secrets,national-treasure-book-of-secrets,national-treasure-book-of-secrets
The Mummy Returns,the-mummy-returns,the-mummy-returns
Con Air,con-air,con-air
Chicken Little,chicken-little,chicken-little-2005
The Hangover Part II,the-hangover-part-ii,the-hangover-part-ii
The Hangover Part III,the-hangover-part-iii,the-hangover-part-iii
The Hitchhiker's Guide to the Galaxy,the-hitchhikers-guide-to-the-galaxy,the-hitchhikers-guide-to-the-galaxy-2005
Face/Off,face-off,face-off
Step Brothers,step-brothers,step-brothers
Jungle Cruise,jungle-cruise,jungle-cruise
Sausage Party,sausage-party,sausage-party
Batman: Mask of the Phantasm,batman-mask-of-the-phantasm,batman-mask-of-the-phantasm
Paul,paul,paul-2011
Pocahontas,pocahontas,pocahontas-1995
Ghost Rider,ghost-rider,ghost-rider
The Hitman's Bodyguard,the-hitmans-bodyguard,the-hitmans-bodyguard
The Day After Tomorrow,the-day-after-tomorrow,the-day-after-tomorrow
Chicken Run,chicken-run,chicken-run
Fantasia,fantasia,fantasia
Speed,speed,speed
Dances with Wolves,dances-with-wolves,dances-with-wolves
Big,big,big
Shark Tale,shark-tale,shark-tale
The A-Team,the-a-team,the-a-team
Cool Runnings,cool-runnings,cool-runnings
Oz the Great and Powerful,oz-the-great-and-powerful,oz-the-great-and-powerful
Divergent,divergent,divergent
Shakespeare in Love,shakespeare-in-love,shakespeare-in-love
Blades of Glory,blades-of-glory,blades-of-glory
Flushed Away,flushed-away,flushed-away
Eragon,eragon,eragon
The Impossible,the-impossible,the-impossible
Black Mirror: Be Right Back,black-mirror-be-right-back,black-mirror-be-right-back
Coach Carter,coach-carter,coach-carter
Spy Kids 2: The Island of Lost Dreams,spy-kids-2-the-island-of-lost-dreams,spy-kids-2-the-island-of-lost-dreams
Spy Kids 3-D: Game Over,spy-kids-3-d-game-over,spy-kids-3-d-game-over
Percy Jackson: Sea of Monsters,percy-jackson-sea-of-monsters,percy-jackson-sea-of-monsters
Black Mirror: Fifteen Million Merits,black-mirror-fifteen-million-merits,black-mirror-fifteen-million-merits
The Devil's Advocate,the-devils-advocate,the-devils-advocate
The Golden Compass,the-golden-compass,the-golden-compass
Madagascar,madagascar,madagascar
Madagascar: Escape 2 Africa,madagascar-escape-2-africa,madagascar-escape-2-africa
Madagascar 3: Europe's Most Wanted,madagascar-3-europes-most-wanted,madagascar-3-europes-most-wanted
Minions,minions,minions
Miss Peregrine's Home for Peculiar Children,miss-peregrines-home-for-peculiar-children,miss-peregrines-home-for-peculiar-children
Sixteen Candles,sixteen-candles,sixteen-candles
MouseHunt,mousehunt,mousehunt
Miss Congeniality,miss-congeniality,miss-congeniality
Inkheart,inkheart,inkheart
Black Mirror: USS Callister,black-mirror-uss-callister,black-mirror-uss-callister
Doctor Zhivago,doctor-zhivago,doctor-zhivago
I Am Number Four,i-am-number-four,i-am-number-four
Pixels,pixels,pixels-2015
Airplane II: The Sequel,airplane-ii-the-sequel,airplane-ii-the-sequel
The Naked Gun 2½: The Smell of Fear,the-naked-gun-2-the-smell-of-fear,the-naked-gun-2-the-smell-of-fear
Naked Gun 33⅓: The Final Insult,naked-gun-33-the-final-insult,naked-gun-33-the-final-insult
Around the World in 80 Days,around-the-world-in-80-days,around-the-world-in-80-days-2004
Happy Feet,happy-feet,happy-feet
Tangled,tangled,tangled-2010
21 Jump Street,21-jump-street,21-jump-street
Cast Away,cast-away,cast-away
Night at the Museum,night-at-the-museum,night-at-the-museum
Zombieland,zombieland,zombieland
Home Alone,home-alone,home-alone
Once Upon a Time... in Hollywood,once-upon-a-time-in-hollywood,once-upon-a-time-in-hollywood
Slumdog Millionaire,slumdog-millionaire,slumdog-millionaire
22 Jump Street,22-jump-street,22-jump-street
Kung Fu Panda 2,kung-fu-panda-2,kung-fu-panda-2
Spectre,spectre,spectre-2015
The Emperor's New Groove,the-emperors-new-groove,the-emperors-new-groove
Venom,venom,venom-2018
Cloudy with a Chance of Meatballs,cloudy-with-a-chance-of-meatballs,cloudy-with-a-chance-of-meatballs
Paddington,paddington,paddington
Monsters vs Aliens,monsters-vs-aliens,monsters-vs-aliens
Black Mirror: The Entire History of You,black-mirror-the-entire-history-of-you,black-mirror-the-entire-history-of-you-2011
Yesterday,yesterday,yesterday-2019
Trading Places,trading-places,trading-places
Air Force One,air-force-one,air-force-one
Crazy Rich Asians,crazy-rich-asians,crazy-rich-asians
Anna and the Apocalypse,anna-and-the-apocalypse,anna-and-the-apocalypse
Sherlock: The Blind Banker,sherlock-the-blind-banker,sherlock-the-blind-banker-2010
Sherlock: The Sign of Three,sherlock-the-sign-of-three,sherlock-the-sign-of-three-2014
Sherlock: The Lying Detective,sherlock-the-lying-detective,sherlock-the-lying-detective-2017
Sherlock: The Hounds of Baskerville,sherlock-the-hounds-of-baskerville,sherlock-the-hounds-of-baskerville-2012
Sherlock: The Reichenbach Fall,sherlock-the-reichenbach-fall,sherlock-the-reichenbach-fall-2012
Hunt for the Wilderpeople,hunt-for-the-wilderpeople,hunt-for-the-wilderpeople
Not Another Teen Movie,not-another-teen-movie,not-another-teen-movie
Blade,blade,blade
Bullet Train,bullet-train,bullet-train
